{
  "data_source": "한국도로공사 포장보수현황 + 포장일반현황 (운영연차 매칭)",
  "매칭_샘플수": 3782,
  "단위": "백만원 (평균 공사비)",
  "운영연차별_평균공사비": {
    "0-4년차": {
      "개량사업": 24.6,
      "수선유지사업": 31.90625
    },
    "5-9년차": {
      "개량사업": 29.01086956521739,
      "수선유지사업": 78.57676348547717
    },
    "10-14년차": {
      "개량사업": 42.3982683982684,
      "수선유지사업": 49.665454545454544
    },
    "15-19년차": {
      "개량사업": 44.906724511930584,
      "수선유지사업": 90.97115384615384
    },
    "20-24년차": {
      "개량사업": 39.5995085995086,
      "수선유지사업": 70.93577981651376
    },
    "25-29년차": {
      "개량사업": 70.02621722846442,
      "수선유지사업": 115.08441558441558
    },
    "30-34년차": {
      "개량사업": 71.94074074074074,
      "수선유지사업": 54.57857142857143
    },
    "35-39년차": {
      "개량사업": 17.369230769230768,
      "수선유지사업": 78.37719298245614
    },
    "40-44년차": {
      "개량사업": 70.13888888888889,
      "수선유지사업": 152.38095238095238
    },
    "45-49년차": {
      "개량사업": 41.75342465753425,
      "수선유지사업": 165.07692307692307
    },
    "50-54년차": {
      "개량사업": 36.86666666666667,
      "수선유지사업": 190.3
    },
    "55-59년차": {
      "개량사업": 26.333333333333332,
      "수선유지사업": 85.0
    }
  },
  "운영연차별_공사빈도": {
    "0-4년차": {
      "개량사업": 15,
      "수선유지사업": 64
    },
    "5-9년차": {
      "개량사업": 184,
      "수선유지사업": 241
    },
    "10-14년차": {
      "개량사업": 462,
      "수선유지사업": 275
    },
    "15-19년차": {
      "개량사업": 461,
      "수선유지사업": 208
    },
    "20-24년차": {
      "개량사업": 407,
      "수선유지사업": 218
    },
    "25-29년차": {
      "개량사업": 267,
      "수선유지사업": 154
    },
    "30-34년차": {
      "개량사업": 135,
      "수선유지사업": 140
    },
    "35-39년차": {
      "개량사업": 130,
      "수선유지사업": 114
    },
    "40-44년차": {
      "개량사업": 72,
      "수선유지사업": 42
    },
    "45-49년차": {
      "개량사업": 73,
      "수선유지사업": 26
    },
    "50-54년차": {
      "개량사업": 60,
      "수선유지사업": 30
    },
    "55-59년차": {
      "개량사업": 3,
      "수선유지사업": 1
    }
  },
  "활용_방법": "신규 민자도로 30년 OPEX 시뮬레이션:\n  - 연차별 평균 공사비 × 빈도 = 연차별 기대 OPEX\n  - 수선유지사업: 매년 베이스라인 OPEX\n  - 개량사업: 8~15년 주기 스파이크"
}